{
  "timestamp": "20251206_130538",
  "models_evaluated": [
    "Hybrid",
    "CBF_Only",
    "CF_Only"
  ],
  "metrics": {
    "Hybrid": {
      "model": "Hybrid",
      "precision@5": 0.0,
      "recall@5": 0.0,
      "ndcg@5": 0.0,
      "hit_rate@5": 0.0,
      "precision@10": 0.0,
      "recall@10": 0.0,
      "ndcg@10": 0.0,
      "hit_rate@10": 0.0,
      "precision@20": 0.0005617977528089888,
      "recall@20": 0.0028089887640449437,
      "ndcg@20": 0.001152057737283392,
      "hit_rate@20": 0.011235955056179775,
      "avg_precision": 0.000216076058772688,
      "n_users": 89
    },
    "CBF_Only": {
      "model": "CBF_Only",
      "precision@5": 0.0,
      "recall@5": 0.0,
      "ndcg@5": 0.0,
      "hit_rate@5": 0.0,
      "precision@10": 0.0,
      "recall@10": 0.0,
      "ndcg@10": 0.0,
      "hit_rate@10": 0.0,
      "precision@20": 0.0,
      "recall@20": 0.0,
      "ndcg@20": 0.0,
      "hit_rate@20": 0.0,
      "avg_precision": 0.0,
      "n_users": 89
    },
    "CF_Only": {
      "model": "CF_Only",
      "precision@5": 0.0,
      "recall@5": 0.0,
      "ndcg@5": 0.0,
      "hit_rate@5": 0.0,
      "precision@10": 0.0,
      "recall@10": 0.0,
      "ndcg@10": 0.0,
      "hit_rate@10": 0.0,
      "precision@20": 0.0,
      "recall@20": 0.0,
      "ndcg@20": 0.0,
      "hit_rate@20": 0.0,
      "avg_precision": 0.0,
      "n_users": 89
    }
  }
}